Category,Keyword,Web_Page_URL,Tweet_Website,Author_Name,Author_Web_Page_URL,Tweet_Timestamp,Tweet_Content,Tweet_Image_URL,Tweet_Video_URL,Tweet_AD,Tweet_Number_of_Reviews,Tweet_Number_of_Retweets,Tweet_Number_of_Likes,Tweet_Number_of_Looks
TopPost,#Palestine,https://twitter.com/search?q=#Palestine&src=typed_query&f=top,https://twitter.com/QudsNen/status/1725301827615215773,Quds News NetworkReload,https://twitter.com/QudsNen,2023-11-16,Germans cannot be silenced...A pro-#Palestine protest in #Berlin yesterday.,,https://twitter.com/QudsNen/status/1725301827615215773,False,4,42,97,1.1K
TopPost,#Palestine,https://twitter.com/search?q=#Palestine&src=typed_query&f=top,https://twitter.com/InsiderWorld_1/status/1725213667052945861,The PalestinianReload,https://twitter.com/InsiderWorld_1,2023-11-16,A must watch!Some Spanish activists did one of the best Social Experiment ever about #Palestine,,https://twitter.com/InsiderWorld_1/status/1725213667052945861,False,14,185,273,10K
TopPost,#Palestine,https://twitter.com/search?q=#Palestine&src=typed_query&f=top,https://twitter.com/jacksonhinkly/status/1725219816100020319,Jackson Hinkle Reload,https://twitter.com/jacksonhinkly,2023-11-16,Free free Palestine  Tw: fake blood. Its red paint for a performative activism piece. Do not restrict me please this is important!#AlShifaHospital #Gaza_Genoide#FreePalestineFromIsrael  #IsraelTerrorism #Palestine #Palestine_Genocide #CeasefireNowInGaza,,https://twitter.com/jacksonhinkly/status/1725219816100020319,False,11,62,126,5.8K
TopPost,#Palestine,https://twitter.com/search?q=#Palestine&src=typed_query&f=top,https://twitter.com/TheMuslim786/status/1725164078811763097,The MuslimReload,https://twitter.com/TheMuslim786,2023-11-16,Understand from old videos how Israeli terrorists brutalize Palestinian elders.#Gaza #Palestine,,https://twitter.com/TheMuslim786/status/1725164078811763097,False,26,427,480,13K
TopPost,#Palestine,https://twitter.com/search?q=#Palestine&src=typed_query&f=top,https://twitter.com/NaslzohurInt/status/1725228605813223577,NaslZohur IntReload,https://twitter.com/NaslzohurInt,2023-11-16,Don't stop talking about Palestine!Raise awareness for Gaza...#Gaza#Palestine#IsraelIsATerrorist,,https://twitter.com/NaslzohurInt/status/1725228605813223577,False,7,46,93,5.7K
TopPost,#Palestine,https://twitter.com/search?q=#Palestine&src=typed_query&f=top,https://twitter.com/QudsNen/status/1725301827615215773,Quds News NetworkReload,https://twitter.com/QudsNen,2023-11-16,Germans cannot be silenced...A pro-#Palestine protest in #Berlin yesterday.,,https://twitter.com/QudsNen/status/1725301827615215773,False,4,42,101,1.1K
TopPost,#Palestine,https://twitter.com/search?q=#Palestine&src=typed_query&f=top,https://twitter.com/abierkhatib/status/1724758777713307997,AbierReload,https://twitter.com/abierkhatib,2023-11-15,"Palestinians doctors and journalist,,You are the true HEROES  #Palestine",,https://twitter.com/abierkhatib/status/1724758777713307997,False,33,1.9K,3.9K,51K
TopPost,#Palestine,https://twitter.com/search?q=#Palestine&src=typed_query&f=top,https://twitter.com/KKhanabadosh/status/1725119844373160310,‚ìÄ‚í∑ìÇÜReload,https://twitter.com/KKhanabadosh,2023-11-16,"They left their homes, they have no food, no clothes, no home, Gaza is over. #IsraelTerrorism #Gaza #Palestine #ÿßÿ®Ÿà_ÿπÿ®ŸäÿØÿ© #AlShifaHospital #Gaza_Genocide",,https://twitter.com/KKhanabadosh/status/1725119844373160310,False,40,291,351,36K
TopPost,#Palestine,https://twitter.com/search?q=#Palestine&src=typed_query&f=top,https://twitter.com/umyaznemo/status/1725157163348226205,RaniaReload,https://twitter.com/umyaznemo,2023-11-16,"Large pro- #Palestine protest at #Amsterdam's Schiphol Airport . And none calling for genocide or wiping out others , like the pro Israeli camp does!",,https://twitter.com/umyaznemo/status/1725157163348226205,False,18,248,350,7.1K
TopPost,#Palestine,https://twitter.com/search?q=#Palestine&src=typed_query&f=top,https://twitter.com/idan_bg/status/1725210938616229918,Era GigmanReload,https://twitter.com/idan_bg,2023-11-16,The women rights activists are absent when it comes to Jewish women. Utter silence. @UNWomenWatch we see your hypocrisy. So watch the horrific acts of terror against Jewish women in #Israel by #Palestine Hamas terrorists.Graphic Warning,,https://twitter.com/idan_bg/status/1725210938616229918,False,9,37,38,3.5K
TopPost,#Palestine,https://twitter.com/search?q=#Palestine&src=typed_query&f=top,https://twitter.com/BurstBites/status/1725181621790220437,Burst BitesReload,https://twitter.com/BurstBites,2023-11-16,"#BREAKING: Osama Bin Laden's ""Letter to America"" is gaining  traction on social media platform #TikTok. A girl brings out a paper and pen, jotting down notes from #LetterToAmerica, linking the events of September to the occupation of #Palestine. #OsamaBinLaden #Viral",,https://twitter.com/BurstBites/status/1725181621790220437,False,73,122,310,56K
TopPost,#Palestine,https://twitter.com/search?q=#Palestine&src=typed_query&f=top,https://twitter.com/IMS_Dawah/status/1725182563231400220,IMS | #MuslimIdentity | SahilAdeemReload,https://twitter.com/IMS_Dawah,2023-11-16,We consider biology or natural sciences mentioned in the Quran as universal.. Then why we fail in case of Moral Laws which makes us moral creatures? #Gaza #PalestineOsama Bin Laden #ÿßÿ®Ÿà_ÿπÿ®ŸäÿØÿ© #CeasefireNowInGaza  #ÿ∫ÿ≤ÿ©_ŸÖŸÇÿ®ÿ±ÿ©_ÿßŸÑÿØÿ®ÿßÿ®ÿßÿ™ #ÿ∑ŸàŸÅÿßŸÜ_ÿßŸÑÿßŸÇÿµŸ∞€å_⁄©ÿßŸÜŸÅÿ±ŸÜÿ≥_ŸÜŸàÿ¥€Åÿ±€Å #MuslimIdentity,,https://twitter.com/IMS_Dawah/status/1725182563231400220,False,12,106,146,41K
TopPost,#Palestine,https://twitter.com/search?q=#Palestine&src=typed_query&f=top,https://twitter.com/sajidkhanbarki/status/1725225241297756383,ùöÇùöäùöìùöíùöçReload,https://twitter.com/sajidkhanbarki,2023-11-16,Humans stand with #palestine ..you lost the PR war coz you war criminals baby killers ..period .!!#ChildrenInNeed #IsraelTerrorism #ÿßÿ®Ÿà_ÿπÿ®ŸäÿØÿ© #ÿßŸÜŸÇÿ∞Ÿàÿß_ŸÖÿ≥ÿ™ÿ¥ŸÅŸâ_ÿßŸÑÿ¥ŸÅÿßÿ° #AlShifaHospital  #Gaza_Genocide‚Äå,,https://twitter.com/sajidkhanbarki/status/1725225241297756383,False,30,99,284,22K
TopPost,#Palestine,https://twitter.com/search?q=#Palestine&src=typed_query&f=top,https://twitter.com/5Pillarsuk/status/1725164099481309219,5PillarsReload,https://twitter.com/5Pillarsuk,2023-11-16,"""Muslims and Jews will one day celebrate together a free Palestine!""Inspirational speech by the anti-Zionist Jewish rabbi Elhanan Beck, speaking at last night's pro-ceasefire protest outside the House of Commons. #Palestine",,https://twitter.com/5Pillarsuk/status/1725164099481309219,False,31,441,763,29K
TopPost,#Palestine,https://twitter.com/search?q=#Palestine&src=typed_query&f=top,https://twitter.com/slionshekh/status/1724844540606226643,Lion ShekhReload,https://twitter.com/slionshekh,2023-11-15,Free free Palestine  Tw: fake blood. Its red paint for a performative activism piece. Do not restrict me please this is important!Al-Shifa Hospital #Gaza_Genocide#FreePalestineFromIsrael The Israeli #IsraelTerrorism Erdogan #Palestine #Palestine_Genocide #CeasefireNowInGaza,,https://twitter.com/slionshekh/status/1724844540606226643,False,172,756,1.3K,220K
TopPost,#Palestine,https://twitter.com/search?q=#Palestine&src=typed_query&f=top,https://twitter.com/QudsNen/status/1725242179298205784,Quds News NetworkReload,https://twitter.com/QudsNen,2023-11-16,Israeli Military forces are storming #Jenin in the West Bank. #Palestine,,https://twitter.com/QudsNen/status/1725242179298205784,False,22,645,559,23K
TopPost,#Palestine,https://twitter.com/search?q=#Palestine&src=typed_query&f=top,https://twitter.com/QudsNen/status/1725139358653595983,Quds News NetworkReload,https://twitter.com/QudsNen,2023-11-16,"Red Crescent: ""The video documents shocking moments, thousands of displaced people and dozens of patients leaving Al-Quds Hospital in #Gaza to the south of the Strip on foot."" #Palestine#Israel",,https://twitter.com/QudsNen/status/1725139358653595983,False,79,2.8K,2.2K,88K
TopPost,#Palestine,https://twitter.com/search?q=#Palestine&src=typed_query&f=top,https://twitter.com/KKhanabadosh/status/1725178820892725280,‚ìÄ‚í∑ìÇÜReload,https://twitter.com/KKhanabadosh,2023-11-16,This is how they bring their martyrs to northern Gaza#IsraelIsATerrorist #Gaza #FreePalestineFromIsrael #Palestine #AlShifa_Hospital,,https://twitter.com/KKhanabadosh/status/1725178820892725280,False,5,82,91,9.9K
TopPost,#Palestine,https://twitter.com/search?q=#Palestine&src=typed_query&f=top,https://twitter.com/Yemeni_soldier/status/1724831623869268302,Yemeni SoldierReload,https://twitter.com/Yemeni_soldier,2023-11-15,This flag deserves worse than this!#Palestine,,https://twitter.com/Yemeni_soldier/status/1724831623869268302,False,3,29,66,2.4K
TopPost,#Palestine,https://twitter.com/search?q=#Palestine&src=typed_query&f=top,https://twitter.com/ZORALYNS/status/1725198233704538580,Zoraly#NSReload,https://twitter.com/ZORALYNS,2023-11-16,Muslim world before and after USA#ÿ∑ŸàŸÅÿßÿ™_ÿßŸÑÿßŸÇÿµŸä #ÿßÿ®Ÿà_ÿπÿ®ŸäÿØÿ© #ÿßÿ®Ÿà_ÿπÿ®ŸäÿØŸá  #ÿßŸÑÿØŸàŸÑÿßÿ± #ÿßŸÑŸÜŸáÿßÿ±ÿØŸá_ÿßŸÑÿÆŸÖŸäÿ≥ #ÿ®ŸÜ_ŸÑÿßÿØŸÜ #BinLaden #HelpAlShifaHospital #Gaza #Palestine #ŸÖÿ≥ÿ™ÿ¥ŸÅŸâ_ÿßŸÑÿ¥ŸÅÿßÿ° #ŸÅŸÑÿ≥ÿ∑ŸäŸÜ,,https://twitter.com/ZORALYNS/status/1725198233704538580,False,11,221,390,41K
TopPost,#Palestine,https://twitter.com/search?q=#Palestine&src=typed_query&f=top,https://twitter.com/Monaassafff/status/1725124514181222422,Mimi AssafReload,https://twitter.com/Monaassafff,2023-11-16,"This video unveil the torment inflicted by Israeli Zionists upon numerous young Palestinian men, shattering them both physically and mentally. Proceed with caution; truly excruciating and heart-wrenching. speak up for #Palestinesave #Gaza #IsraelTerrorism",,https://twitter.com/Monaassafff/status/1725124514181222422,False,7,27,34,2.5K
TopPost,#Palestine,https://twitter.com/search?q=#Palestine&src=typed_query&f=top,https://twitter.com/BenBergquam/status/1725175048061788582,Ben Bergquam - Real America‚Äôs Voice (RAV-TV) NewsReload,https://twitter.com/BenBergquam,,"More of the peaceful left in Washington DC last night and Xi Jingping walking his dog! This is not about #Palestine (which never has been a country by-the-way). This is about the destruction of the West by a bunch of communist, Jew and Christian hating jihadists (#BLM #ANTIFA‚Ä¶",,https://twitter.com/BenBergquam/status/1725175048061788582,False,73,487,787,21K
TopPost,#Palestine,https://twitter.com/search?q=#Palestine&src=typed_query&f=top,https://twitter.com/abierkhatib/status/1724645039253438704,AbierReload,https://twitter.com/abierkhatib,2023-11-15,Meanwhile in Greece #Palestine,,https://twitter.com/abierkhatib/status/1724645039253438704,False,3,184,722,14K
TopPost,#Palestine,https://twitter.com/search?q=#Palestine&src=typed_query&f=top,https://twitter.com/therealmrbench/status/1725153165622878494,sonofabenchReloadEfrain Flores Monsanto ,https://twitter.com/therealmrbench,2023-11-16,Anti IsraelPro Palestine protesters blocked a commuter bridge earlier today in Winsor.Was this not the same bridge in Trudeau's Canada that martial law and the Emergency Act were bright in against the freedom Convoy?#Palestine,,https://twitter.com/therealmrbench/status/1725153165622878494,False,37,96,208,8.6K
TopPost,#Palestine,https://twitter.com/search?q=#Palestine&src=typed_query&f=top,https://twitter.com/SRKian_OM/status/1725285837435523283,OMReload,https://twitter.com/SRKian_OM,2023-11-16,"It took this Palestinian couple 14 years to have a child, now their 2-year-old daughter has lost both her legs due to Israeli airstrikes on Gaza.#Israel #ÿßŸÜŸÇÿ∞Ÿàÿß_ŸÖÿ≥ÿ™ÿ¥ŸÅŸä_ÿßŸÑÿ¥ŸÅÿßÿ° #Palestine #ÿßÿ®Ÿà_ÿπÿ®ŸäÿØÿ© #Hamas #GazaCeasefireNOW #Zionist #AlShifaHospital #IsraelIsATerrorist‚Ä¶",,https://twitter.com/SRKian_OM/status/1725285837435523283,False,2,51,54,5.8K
TopPost,#Palestine,https://twitter.com/search?q=#Palestine&src=typed_query&f=top,https://twitter.com/SRKian_OM/status/1725285837435523283,OMReload,https://twitter.com/SRKian_OM,2023-11-16,"It took this Palestinian couple 14 years to have a child, now their 2-year-old daughter has lost both her legs due to Israeli airstrikes on Gaza.#Israel #ÿßŸÜŸÇÿ∞Ÿàÿß_ŸÖÿ≥ÿ™ÿ¥ŸÅŸä_ÿßŸÑÿ¥ŸÅÿßÿ° #Palestine #ÿßÿ®Ÿà_ÿπÿ®ŸäÿØÿ© #Hamas #GazaCeasefireNOW #Zionist #AlShifaHospital #IsraelIsATerrorist‚Ä¶",,https://twitter.com/SRKian_OM/status/1725285837435523283,False,2,51,55,5.8K
TopPost,#Palestine,https://twitter.com/search?q=#Palestine&src=typed_query&f=top,https://twitter.com/UKubaidkhano/status/1725245900333740490,Ubaid Khan YousafzaiReloadShahniVerse,https://twitter.com/UKubaidkhano,2023-11-16,Palestinian kids are asking for the boycott..This is the least we can do for them #AlShifaHospital #Gaza #BehindYouBabarAzam #SAvsAUS #ÿßÿ®Ÿà_ÿπÿ®ŸäÿØÿ©#IsraelIsATerrorist #Palestine,,https://twitter.com/UKubaidkhano/status/1725245900333740490,False,39,189,341,22K
TopPost,#Palestine,https://twitter.com/search?q=#Palestine&src=typed_query&f=top,https://twitter.com/EagleMMAPain/status/1725135031293665725,Ivan Pain Reload,https://twitter.com/EagleMMAPain,,Nothing to see here! Just a couple of innocent children are hunted for fun. Free Palestine #Palestine,,https://twitter.com/EagleMMAPain/status/1725135031293665725,False,1,15,26,1K
TopPost,#Palestine,https://twitter.com/search?q=#Palestine&src=typed_query&f=top,https://twitter.com/mishilicious/status/1725216065125564794,Mishi khanReload,https://twitter.com/mishilicious,2023-11-16,What are you exactly saying @anilaali . Do you even have any sense or have you lost your marbles. Which peace you are talking about? Sharam Karo Tum. You make no sense at all. Your agenda is pretty clear now. Your knowledge about #Palestine is nill. Utter nonsense #AnilaAli,,https://twitter.com/mishilicious/status/1725216065125564794,False,195,266,615,26K
TopPost,#Palestine,https://twitter.com/search?q=#Palestine&src=typed_query&f=top,https://twitter.com/KimJongwins/status/1725235312236925069,KimJongWinsReload,https://twitter.com/KimJongwins,2023-11-16,Kuwaiti champion Yousef Al-Shattiloses sponsorship from major companies after raising thePalestinian flag at the Malaysian Championship for hurdles and endurance.Remember you were encouraged to hold a Ukrainian flag at all sports events! #Gaza #UKRAINE #Palestine‚Ä¶,,https://twitter.com/KimJongwins/status/1725235312236925069,False,2,27,43,2.5K
TopPost,#Palestine,https://twitter.com/search?q=#Palestine&src=typed_query&f=top,https://twitter.com/SRKian_OM/status/1725285837435523283,OMReload,https://twitter.com/SRKian_OM,2023-11-16,"It took this Palestinian couple 14 years to have a child, now their 2-year-old daughter has lost both her legs due to Israeli airstrikes on Gaza.#Israel #ÿßŸÜŸÇÿ∞Ÿàÿß_ŸÖÿ≥ÿ™ÿ¥ŸÅŸä_ÿßŸÑÿ¥ŸÅÿßÿ° #Palestine #ÿßÿ®Ÿà_ÿπÿ®ŸäÿØÿ© #Hamas #GazaCeasefireNOW #Zionist #AlShifaHospital #IsraelIsATerrorist‚Ä¶",,https://twitter.com/SRKian_OM/status/1725285837435523283,False,2,52,55,5.8K
TopPost,#Palestine,https://twitter.com/search?q=#Palestine&src=typed_query&f=top,https://twitter.com/YayAreaNews/status/1725293967984771581,BAY AREA STATE OF MINDReload,https://twitter.com/YayAreaNews,2023-11-16,Protestors shut down the Bay Bridge for several hours this morning to demand a ceasefire in Gaza by chaining themselves to vehicles and throwing their car keys into the ocean #Palestine  #FreePalestine,,https://twitter.com/YayAreaNews/status/1725293967984771581,False,5,17,49,3.6K
TopPost,#Palestine,https://twitter.com/search?q=#Palestine&src=typed_query&f=top,https://twitter.com/redsarah99/status/1725213034719703265,redsarah99 #BlackLivesMatter,https://twitter.com/redsarah99,2023-11-16,"I don't hide my faceBabies are being taken from incubatorsChildren are begging the world to save themIsrael are bombing REFUGEE campsIsrael are bombing hospitalsIsrael are committing a GENOCIDE My Grandfather fought facismSo will I,Til my last breath #Palestine",https://pbs.twimg.com/media/F_EwHLZWcAAQ_s9?format=jpg&name=small,https://twitter.com/redsarah99/status/1725213034719703265,False,16,65,215,3.6K
TopPost,#Palestine,https://twitter.com/search?q=#Palestine&src=typed_query&f=top,https://twitter.com/QudsNen/status/1725133630001840151,Quds News NetworkReload,https://twitter.com/QudsNen,2023-11-16,"""A Jew cannot be a settler in Judea! Jesus was born in Nazareth, he was Jewish! The Jews have been at home for 2000 years.""French politician Meyer Habib uses the Bible to justify colonialism in #Palestine. #France #Gaza",,https://twitter.com/QudsNen/status/1725133630001840151,False,133,263,443,58K
TopPost,#Palestine,https://twitter.com/search?q=#Palestine&src=typed_query&f=top,https://twitter.com/UKubaidkhano/status/1725149799077343671,Ubaid Khan YousafzaiReloadSyeda Aiman Zahra ,https://twitter.com/UKubaidkhano,2023-11-16,"I am American  but I am stand with Palestine  . If you are HUMAN, you support Palestine #AlShifaHospital #Gaza #Palestine #Hamas #IsraelIsATerrorist",,https://twitter.com/UKubaidkhano/status/1725149799077343671,False,103,241,584,39K
TopPost,#Palestine,https://twitter.com/search?q=#Palestine&src=typed_query&f=top,https://twitter.com/TheMuslim786/status/1725183900056776941,The MuslimReload,https://twitter.com/TheMuslim786,2023-11-16,"The photo on the left is of Abdul Qader Al Qawasmi, who was martyred today after killing #Israeli soldiers/settlers, along with two other comrades, at the tunnel checkpoint in #Bethlehem, #Jerusalem.  Right #IDF soldier dragging Qader's 90-year-old mother away! #Gaza #Palestine",https://pbs.twimg.com/media/F_EVk-CWoAA2n55?format=jpg&name=small,https://twitter.com/TheMuslim786/status/1725183900056776941,False,14,101,131,7.4K
TopPost,#Palestine,https://twitter.com/search?q=#Palestine&src=typed_query&f=top,https://twitter.com/Alicecdqai/status/1725281393884705152,SPEAKER OF PALESTINE Reload,https://twitter.com/Alicecdqai,2023-11-16,Palestinian children light candles during a vigil at Shifa hospital demanding an end to Israeli aggression against Gaza.#AlShifaHospital #Gaza_Genocide#FreePalestineFromIsrael #Palestine #ÿßÿ®Ÿà_ÿπÿ®ŸäÿØÿ© #ceasefire#CeasefireNowInGaza#IsraelIsATerrorist #IsraeliTerrorists,,https://twitter.com/Alicecdqai/status/1725281393884705152,False,6,32,66,4.9K
TopPost,#Palestine,https://twitter.com/search?q=#Palestine&src=typed_query&f=top,https://twitter.com/karim_dehqan/status/1725225792538300461,Karim DehqanReload,https://twitter.com/karim_dehqan,2023-11-16,A comparison between Israel's soldiers and Al Qassam's soldiers!  #FreePalestineFromIsrael #Palestine #AlAqsaStorm #Resistance #Hezbollah #Hamas #AlQassam #ÿßÿ®Ÿà_ÿπÿ®ŸäÿØÿ© #ŸÅŸÑÿ≥ÿ∑ŸäŸÜ_ÿ™ŸÜÿ™ÿµÿ±,,https://twitter.com/karim_dehqan/status/1725225792538300461,False,,2,16,1.4K
TopPost,#Palestine,https://twitter.com/search?q=#Palestine&src=typed_query&f=top,https://twitter.com/haneefsaeed/status/1725063822635892904,Hanif Saeed Reload,https://twitter.com/haneefsaeed,2023-11-16,"Israeli occupation soldiers use a garbage collector as a human shield during an arrest raid this morning in Fara'a refugee camp, north of the occupied West Bank.#AlShifaHospital #IsraelTerrorism #Palestine_Genocide #FreePalestineFromIsrael #FreePalestine #Palestine #Gaza_War‚Ä¶",,https://twitter.com/haneefsaeed/status/1725063822635892904,False,29,93,108,17K
TopPost,#Palestine,https://twitter.com/search?q=#Palestine&src=typed_query&f=top,https://twitter.com/HarrygPettit/status/1725208802411028791,Harry PettitReload,https://twitter.com/HarrygPettit,2023-11-16,And now back to Amsterdam Central Station. We will not stop #CeasefireNOW #Gaza #freePalestine #Palestine,,https://twitter.com/HarrygPettit/status/1725208802411028791,False,,11,42,1.1K
TopPost,#Palestine,https://twitter.com/search?q=#Palestine&src=typed_query&f=top,https://twitter.com/EagleMMAPain/status/1725058727546437689,Ivan Pain Reload,https://twitter.com/EagleMMAPain,2023-11-16,"She had surgery, amputating her leg. Today, she leaves her home and evacuates on a wheelchair for miles.One day,  you're home and suddenly lose your leg, your home, some family members, and all your belongings. Free Palestine. #Palestine",,https://twitter.com/EagleMMAPain/status/1725058727546437689,False,1,18,25,1.1K
TopPost,#Palestine,https://twitter.com/search?q=#Palestine&src=typed_query&f=top,https://twitter.com/tribulation_19/status/1725157725070336407,God Is Destroying  For Her EvilsReload,https://twitter.com/tribulation_19,2023-11-16,#Gaza #palestine #WestBank #LetterToAmerica #ussliberty  The Day #Israel attacked America #USSLiberty in 1967 Killing 34 wounding 171 crewmen.,,https://twitter.com/tribulation_19/status/1725157725070336407,False,,13,35,3.7K
TopPost,#Palestine,https://twitter.com/search?q=#Palestine&src=typed_query&f=top,https://twitter.com/CarymaRules/status/1725302526763823278,Caryma Sa'd - Lawyer + Political SatiristReload,https://twitter.com/CarymaRules,2023-11-16,Speaker urges protesters to contact the Toronto District School Board (TDSB) about cutting ties with the Centre for Israel and Jewish Affairs (CIJA).CIJA recently misrepresented footage of a TDSB student walkout.#cdnpoli #Toronto #Palestine #Israel #Gaza #CeasefireNOW,,https://twitter.com/CarymaRules/status/1725302526763823278,False,,2,2,101
TopPost,#Palestine,https://twitter.com/search?q=#Palestine&src=typed_query&f=top,https://twitter.com/worldpoliteco/status/1725003397647237588,World PoliticsReload,https://twitter.com/worldpoliteco,2023-11-16,Ladies and Gentlemen here's the story of Hospital by IDFThey are worst actors and story writersAfter few hours IDF also deleted the video from their official pageFollow me for updates#Gaza #IDF #Palestine #IsraelTerrorism #AlShifaHospital,,https://twitter.com/worldpoliteco/status/1725003397647237588,False,28,178,179,17K
TopPost,#Palestine,https://twitter.com/search?q=#Palestine&src=typed_query&f=top,https://twitter.com/skaueller/status/1725144293914882248,Sarah Reload,https://twitter.com/skaueller,2023-11-16,True Story#Palestine #Israel,,https://twitter.com/skaueller/status/1725144293914882248,False,,40,58,4.2K
TopPost,#Palestine,https://twitter.com/search?q=#Palestine&src=typed_query&f=top,https://twitter.com/ABroNextDoor/status/1725209203722084699,ÿπÿ®ÿØReload,https://twitter.com/ABroNextDoor,2023-11-16,"‚ÄúWateen was martyred.‚Äù She was the only surviving child from the Abu Jumayzeh family, and thus a new family was erased from the civil registry #Gaza #Palestine May Allah ÿπÿ≤Ÿàÿ¨ŸÑ grant her a beautiful abode in Jannatul Firdaus",,https://twitter.com/ABroNextDoor/status/1725209203722084699,False,,10,17,787
TopPost,#Palestine,https://twitter.com/search?q=#Palestine&src=typed_query&f=top,https://twitter.com/Vigilante2801/status/1724896384955076680,VigilanteReload,https://twitter.com/Vigilante2801,2023-11-15,Day in the life of #Palestine#StopGazaGenocide,,https://twitter.com/Vigilante2801/status/1724896384955076680,False,1,64,70,2.1K
TopPost,#Palestine,https://twitter.com/search?q=#Palestine&src=typed_query&f=top,https://twitter.com/raymo_g/status/1725197080493232498,RayReload,https://twitter.com/raymo_g,2023-11-16,"""A year ago, discussing Jewish influence, Israel, and white identity was taboo. Now, it's commonplace thanks to platforms like Twitter, TikTok, and Rumble."" - Nick FuentesChrist is King!#Gaza #Palestine #FreeFuentes",,https://twitter.com/raymo_g/status/1725197080493232498,False,7,24,75,9.7K
TopPost,#Palestine,https://twitter.com/search?q=#Palestine&src=typed_query&f=top,https://twitter.com/rashdi_k/status/1724846739067154639,al-ra5hdi Reload,https://twitter.com/rashdi_k,2023-11-15,The people of #Palestine are trying to the best of their ability to defend their freedom and the freedom of their country from the brutal Israeli occupier. #ÿßÿ®Ÿà_ÿπÿ®ŸäÿØŸá#ÿ∫ÿ≤ÿ©_ÿ™ŸÜÿ≤ŸÅ #ÿ∫ÿ≤Ÿá_ŸÖŸÇÿ®ÿ±Ÿá_ÿßŸÑÿØÿ®ÿßÿ®ÿßÿ™ #GazaGenocide #IsraelTerrorism #FreePalestineFromIsrael #ŸÖÿ≥ÿ™ÿ¥ŸÅŸäÿßÿ™_ÿ∫ÿ≤Ÿá_ÿ™ŸÜÿ≤ŸÅ,,https://twitter.com/rashdi_k/status/1724846739067154639,False,17,126,179,22K
TopPost,#Palestine,https://twitter.com/search?q=#Palestine&src=typed_query&f=top,https://twitter.com/BubbatheOG/status/1725284373367575024,‚ú≠ üÖëüÖ§üÖëüÖëüÖê ‚ú≠Reload,https://twitter.com/BubbatheOG,2023-11-16,This was the UK on Saturday. The propagandist would have you believe that they‚Äôre crazy. #Israel #Palestine,,https://twitter.com/BubbatheOG/status/1725284373367575024,False,5,12,25,869
TopPost,#Palestine,https://twitter.com/search?q=#Palestine&src=typed_query&f=top,https://twitter.com/QudsNen/status/1725211980103885258,Quds News Network,https://twitter.com/QudsNen,,"Former prisoner Mahmoud Ahmed Nakhle's heart stopped only 24 hours after his release from Israeli prison, due to neglect and malnutrition. Mahmoud is a 28-year-old Palestinian, from Jalazon Camp in the West Bank, and he has spent 6 years in prison. #Palestine",https://pbs.twimg.com/media/F_Eu7xuWoAEiFTH?format=jpg&name=small,https://twitter.com/QudsNen/status/1725211980103885258,False,16,623,705,23K
TopPost,#Palestine,https://twitter.com/search?q=#Palestine&src=typed_query&f=top,https://twitter.com/KKhanabadosh/status/1724686725992067080,‚ìÄ‚í∑ìÇÜReload,https://twitter.com/KKhanabadosh,2023-11-15,"Her thin body, bulging eyes, and the trembling of her hands tell you what hunger and deprivation did to the children of Gaza. She wishes she had been in her room at the time of the bombing and d√≠ed#Palestine #Gaza_War #IsraelTerorrist #Gaza_Genocide #HelpAlShifaHospital",,https://twitter.com/KKhanabadosh/status/1724686725992067080,False,2,42,55,5.6K
TopPost,#Palestine,https://twitter.com/search?q=#Palestine&src=typed_query&f=top,https://twitter.com/doamuslims/status/1725229666611404982,DOAMReload,https://twitter.com/doamuslims,2023-11-16,"Horrific! Israeli occupation forces detain an elderly Palestinian woman in Hebron, Occupied West Bank.An Israeli soldier is seen pulling her along as she‚Äôs unable to walk and putting her back into an Israeli armed vehicle. #Palestine #Gaza #Israel",,https://twitter.com/doamuslims/status/1725229666611404982,False,12,261,229,9.2K
TopPost,#Palestine,https://twitter.com/search?q=#Palestine&src=typed_query&f=top,https://twitter.com/PeteLiquid/status/1725144914818662532,Pete LiquidReload,https://twitter.com/PeteLiquid,2023-11-16,"Watch this representative for #Palestine at the #UN give a reply to the US delegation for their complicity in the massacre of civilians in #Gaza.And although the US administration won't give a hoot, these words will resonate in the majority of the people (around the world)",,https://twitter.com/PeteLiquid/status/1725144914818662532,False,12,122,157,11K
TopPost,#Palestine,https://twitter.com/search?q=#Palestine&src=typed_query&f=top,https://twitter.com/choeshow/status/1725041275567783974,Jonathan Choe Journalist (Seattle)Reload#StopCopCity,https://twitter.com/choeshow,2023-11-16,"DRAGGED AWAY: Wow, Capitol Police officers actually enforce the law. FAR-LEFT activists shocked they were unable to take over the Democratic National Committee HQ. #WashingtonDC #Israel #Palestine #Hamas #War #Terrorism",,https://twitter.com/choeshow/status/1725041275567783974,False,58,39,222,13K
TopPost,#Palestine,https://twitter.com/search?q=#Palestine&src=typed_query&f=top,https://twitter.com/TheMuslim786/status/1725153847947972855,The MuslimReload,https://twitter.com/TheMuslim786,2023-11-16,"They left their homes because of the war, there is no food, no clothes, the children of Gaza, what a heartache.#Gaza #Palestine",,https://twitter.com/TheMuslim786/status/1725153847947972855,False,14,242,250,6.5K
TopPost,#Palestine,https://twitter.com/search?q=#Palestine&src=typed_query&f=top,https://twitter.com/IncMonocle/status/1724843061832790261,Inc.MonocleReload,https://twitter.com/IncMonocle,2023-11-15,Police can‚Äôt prevent protestors shutting down the main road past Parliament Westminster #israel #palestine,,https://twitter.com/IncMonocle/status/1724843061832790261,False,291,607,930,226K
TopPost,#Palestine,https://twitter.com/search?q=#Palestine&src=typed_query&f=top,https://twitter.com/islamic_turkey/status/1725069168402174231,Islamic Invitation TurkeyReload,https://twitter.com/islamic_turkey,2023-11-16,Down with Saudi!Egyptian Muslims beatean because of praying for Palestine and Gaza by Zionist Saudi Forces#saudi #egypt #palestine #gaza #MECCA #israel #FreePalestineFromIsrael,,https://twitter.com/islamic_turkey/status/1725069168402174231,False,3,14,27,1.5K
TopPost,#Palestine,https://twitter.com/search?q=#Palestine&src=typed_query&f=top,https://twitter.com/khanh9586/status/1724973600904802566,Kh√°nhReload,https://twitter.com/khanh9586,2023-11-16,Fed Up Muslim Drops Truth Bombs on Fellow Arabs During Protest.#arab #muslim  #Israel #palestine #hamas,,https://twitter.com/khanh9586/status/1724973600904802566,False,12,8,28,7.4K
TopPost,#Palestine,https://twitter.com/search?q=#Palestine&src=typed_query&f=top,https://twitter.com/NewsInsights1/status/1725221634309521578,News InsightsReloadShabbir Lakha,https://twitter.com/NewsInsights1,2023-11-16,Hundreds of school and college kids in Bethnal Green.#Gaza #AlShifaHospital #Palestine #CeasefireNowInGaza #Israel #GazaUnderAttack,,https://twitter.com/NewsInsights1/status/1725221634309521578,False,19,50,112,14K
TopPost,#Palestine,https://twitter.com/search?q=#Palestine&src=typed_query&f=top,https://twitter.com/BargainPatrolX/status/1725296783268466773,IDReloadÿ±ÿ§Ÿâ ŸÑÿØÿ±ÿßÿ≥ÿßÿ™ ÿßŸÑÿ≠ÿ±ÿ®,https://twitter.com/BargainPatrolX,2023-11-16,"The massacres continue‚Ä¶Martyrs and wounded arrive at Nasser Hospital after attacks east of Khan Yunis, south of the #Gaza Strip.#OsamaBinLaden #lettertoamerica #Palestine #Gaza_Geniocide #Gaza_Genocide #IsraelTerrorism #IsraeliTerrorists",,https://twitter.com/BargainPatrolX/status/1725296783268466773,False,1,10,9,982
TopPost,#Palestine,https://twitter.com/search?q=#Palestine&src=typed_query&f=top,https://twitter.com/expatvibes/status/1724863570142187722,Expat VibesReload,https://twitter.com/expatvibes,2023-11-15,"Apartheid Israel & Netanyahu:""Israel is a racist apartheid State"" -  Jewish historian, Prof. Avi Shlaim#IsraelIsATerrorist #CeasefireNowInGaza #Palestine",,https://twitter.com/expatvibes/status/1724863570142187722,False,1,27,22,2.3K
TopPost,#Palestine,https://twitter.com/search?q=#Palestine&src=typed_query&f=top,https://twitter.com/RamiAlklhaleel/status/1725299527219855786,Rami.AlkhaleelReload,https://twitter.com/RamiAlklhaleel,2023-11-16,Making history!PLS REPOST AND SHARE!!#ceasefire #palestine #IsraelIsATerrorist,,https://twitter.com/RamiAlklhaleel/status/1725299527219855786,False,,,7,50
TopPost,#Palestine,https://twitter.com/search?q=#Palestine&src=typed_query&f=top,https://twitter.com/slionshekh/status/1725253205859410190,Lion ShekhReload,https://twitter.com/slionshekh,2023-11-16,Palestinian children light candles during a vigil at Shifa hospital demanding an end to Israeli aggression against Gaza.#AlShifaHospital #Gaza_Genocide#FreePalestineFromIsrael #Palestine #IsraelTerrorism #ÿßÿ®Ÿà_ÿπÿ®ŸäÿØÿ© #ceasefire#CeasefireNowInGaza Hamas Kuwait‚Ä¶,,https://twitter.com/slionshekh/status/1725253205859410190,False,15,69,109,15K
TopPost,#Palestine,https://twitter.com/search?q=#Palestine&src=typed_query&f=top,https://twitter.com/wallacemick/status/1724772094938923434,Mick WallaceDW PoliticsReload,https://twitter.com/wallacemick,2023-11-15,Is it possible that #German Chancellor @OlafScholz doesn't know anything about International Law...? I fear for the future of Germany if this man doesn't realise that the Far Right #Israeli Apartheid Regime are guilty of War Crimes + a Genocide against the people of #Palestine...,,https://twitter.com/wallacemick/status/1724772094938923434,False,526,2.7K,5.5K,161K
TopPost,#Palestine,https://twitter.com/search?q=#Palestine&src=typed_query&f=top,https://twitter.com/Mahmood88239370/status/1725192597290062222,Mahmood KhanReload,https://twitter.com/Mahmood88239370,2023-11-16,#FreePalestineFromIsrael#IsraelIsATerroristHappening today: #Palestine's supporters #protesters have blockaded the largest commuter bridge in #Montreal.,,https://twitter.com/Mahmood88239370/status/1725192597290062222,False,2,27,23,2.8K
TopPost,#Palestine,https://twitter.com/search?q=#Palestine&src=typed_query&f=top,https://twitter.com/Princekhaan12/status/1725200065655161134,Sardar Atif Khan Reload,https://twitter.com/Princekhaan12,2023-11-16,"Stay strong. A man advice a doctor who received her children at the hospital after the israeli bombing of their house in Rafah, southern Gaza#ÿßŸÜŸÇÿ∞Ÿàÿß_ŸÖÿ≥ÿ™ÿ¥ŸÅŸâ_ÿßŸÑÿ¥ŸÅÿßÿ° #Gaza #IsraelIsATerrorist #Palestine",,https://twitter.com/Princekhaan12/status/1725200065655161134,False,,35,52,4.7K
TopPost,#Palestine,https://twitter.com/search?q=#Palestine&src=typed_query&f=top,https://twitter.com/doamuslims/status/1725174815378538633,DOAMReload,https://twitter.com/doamuslims,2023-11-16,"""#Gaza, you black woman, you trash...""Racist Israeli singer Lior Narkis singing for Israeli soldiers in preparation for invasion of Gaza. #Palestine #Gaza_Genocide #GazaGenocide #GazaHolocaust",,https://twitter.com/doamuslims/status/1725174815378538633,False,11,111,142,5.7K
TopPost,#Palestine,https://twitter.com/search?q=#Palestine&src=typed_query&f=top,https://twitter.com/CyrilRamaphosa/status/1724751089877082410,Cyril Ramaphosa Cyril Ramaphosa ,https://twitter.com/CyrilRamaphosa,2023-11-15,"The events in #Palestine, and the growing deaths of civilians, particularly children, grieves us all. South Africa supports all efforts to secure an immediate and full ceasefire, with talks on a political solution to address the legitimate aspirations of the Palestinian people‚Ä¶",,https://twitter.com/CyrilRamaphosa/status/1724751089877082410,False,641,633,1.8K,320K
TopPost,#Palestine,https://twitter.com/search?q=#Palestine&src=typed_query&f=top,https://twitter.com/Realyaseer/status/1725141727353168025,YaserReload,https://twitter.com/Realyaseer,2023-11-16,#Palestine: Nigerians security attacked the pro-palestine procession organized by Followers of Sheikh Ibraheem Zakzaky (H) in Kaduna State. Two people are reportedly killed and scores are injured.#Gaza #AlShifaHospital,https://pbs.twimg.com/media/F_DvPmyX0AAtdyv?format=jpg&name=360x360;https://pbs.twimg.com/media/F_DvP3HXQAAD251?format=jpg&name=360x360;https://pbs.twimg.com/media/F_DvQDhWwAAKv7Q?format=jpg&name=360x360,https://twitter.com/Realyaseer/status/1725141727353168025,False,5,29,45,2.5K
TopPost,#Palestine,https://twitter.com/search?q=#Palestine&src=typed_query&f=top,https://twitter.com/inaya_bisma/status/1725193144483135898,inaya bismaReload,https://twitter.com/inaya_bisma,2023-11-16,The #Spanish  people are with #Palestine#CeasefireNowInGaza #IsraelTerrorism #IsraelIsATerrorist #Spain #PalestineWillBeFreeFromtheRiverTotheSea #WearGreenForPalestine #WestBank #XiJinping #STOP_BOMBING_HOSPITALS #AlShifa_Hospital,,https://twitter.com/inaya_bisma/status/1725193144483135898,False,,6,15,1.7K
TopPost,#Palestine,https://twitter.com/search?q=#Palestine&src=typed_query&f=top,https://twitter.com/KSD52788648/status/1725133233006825984,K.S.Reload,https://twitter.com/KSD52788648,2023-11-16,The occupation forces arrested an elderly woman in Hebron in the West Bank. #Alshifahospitalbombing   #Gaza_War #GOPClownShowContinues #Gaza_Genocide #FreePalestineFromIsrael #IsraelTerrorism #Palestine #Gaza  #IsraelTerrorism,,https://twitter.com/KSD52788648/status/1725133233006825984,False,4,21,14,1.8K
TopPost,#Palestine,https://twitter.com/search?q=#Palestine&src=typed_query&f=top,https://twitter.com/cheguwera/status/1725139693656743945,War ReportsReload,https://twitter.com/cheguwera,2023-11-16,Sensitive contentGazan man says goodbye to his father who was martyred after being beaten by Israeli forces on the road to the South#Gaza #palestine #israel,,https://twitter.com/cheguwera/status/1725139693656743945,False,1,84,118,3.9K
TopPost,#Palestine,https://twitter.com/search?q=#Palestine&src=typed_query&f=top,https://twitter.com/SajadIqbalLFC/status/1725166089754091679,SajadReloadJohn P,https://twitter.com/SajadIqbalLFC,2023-11-16,Whoever this guys is  Brilliant #Palestine,,https://twitter.com/SajadIqbalLFC/status/1725166089754091679,False,1,9,38,2.5K
TopPost,#Palestine,https://twitter.com/search?q=#Palestine&src=typed_query&f=top,https://twitter.com/mntimes_/status/1725064878292160514,MN TIMESReload,https://twitter.com/mntimes_,2023-11-16,"Irish MP Richard Boyd Barrett: ""Israel is a terrorist state built on mass explosion and murder."" #AlShifaHospital Hamas HQ Malta #Newsnight Xi Jinping #CeasefireNowInGaza   #Gaza_War #GOPClownShowContinues #Gaza_Genocide #FreePalestineFromIsrael #IsraelTerrorism #Palestine #Gaza",,https://twitter.com/mntimes_/status/1725064878292160514,False,113,499,994,112K
TopPost,#Palestine,https://twitter.com/search?q=#Palestine&src=typed_query&f=top,https://twitter.com/_FaridKhan/status/1725271768313557379,Farid KhanReloadK,https://twitter.com/_FaridKhan,2023-11-16,Algeria's Islam Slimani raises the Palestine flag after scoring a goal against Somalia tonight  #FIFAWorldCup #Palestine,,https://twitter.com/_FaridKhan/status/1725271768313557379,False,21,19,273,7.8K
TopPost,#Palestine,https://twitter.com/search?q=#Palestine&src=typed_query&f=top,https://twitter.com/yahya_kech/status/1725226772214473071,Yahya_kechReload,https://twitter.com/yahya_kech,2023-11-16,"this is the #WestBank where there is no HAMAS.look at these two Palestinian kids playing,have been shot by Israeli forces.what is their excuse again?#isrealterrorism #ÿ®ŸÜ_ŸÑÿßÿØŸÜ#ProteaFire #BinLaden#Gaza_War #Gaza #Palestine #GazaGenocide #GazaHolocaust #GazaCeasefireNOW #ŸÅŸÑÿ≥ÿ∑ŸäŸÜ",,https://twitter.com/yahya_kech/status/1725226772214473071,False,2,17,24,3.4K
TopPost,#Palestine,https://twitter.com/search?q=#Palestine&src=typed_query&f=top,https://twitter.com/sinnfeinireland/status/1725166026680078364,Sinn F√©inReload,https://twitter.com/sinnfeinireland,2023-11-16,Palestinian lives are just as valuable and worthy of protection as Ukrainian lives.The failure of this Government to refer Israel to the International Criminal Court ‚Äì just as South Africa is doing ‚Äì is shameful @PearseDoherty #CeasefireNOW #Palestine #Gaza,,https://twitter.com/sinnfeinireland/status/1725166026680078364,False,67,246,529,16K
TopPost,#Palestine,https://twitter.com/search?q=#Palestine&src=typed_query&f=top,https://twitter.com/chaosismygoal/status/1725283543482544450,truthseekerReload,https://twitter.com/chaosismygoal,2023-11-16,#Brampton : this is like an everyday thing now at Sheridan plaza . #Khalistanis creating havoc in front of the cops and they just stand there doing nothing .These are all #jagmeetsingh people and @JustinTrudeau wants to bring 2million of these animals by 2025 #Gaza #Palestine,,https://twitter.com/chaosismygoal/status/1725283543482544450,False,10,28,56,2.9K
TopPost,#Palestine,https://twitter.com/search?q=#Palestine&src=typed_query&f=top,https://twitter.com/S_HajjS/status/1725238432182731138,ùêíùêöùêßùêùùê´ùêö ùêîùêíùêÄReload,https://twitter.com/S_HajjS,2023-11-16,In one voice...... #Palestine,,https://twitter.com/S_HajjS/status/1725238432182731138,False,1,2,12,271
TopPost,#Palestine,https://twitter.com/search?q=#Palestine&src=typed_query&f=top,https://twitter.com/IncMonocle/status/1725204732149432787,Inc.MonocleReload,https://twitter.com/IncMonocle,2023-11-16,Pro Palestinian groups gather outside Tower Hamlets Labour HQ after MP @rushanaraali didn‚Äôt vote in favour of a ceasefire re the Israel/Gaza/Hamas conflict #israel #palestine,,https://twitter.com/IncMonocle/status/1725204732149432787,False,238,325,438,447K
TopPost,#Palestine,https://twitter.com/search?q=#Palestine&src=typed_query&f=top,https://twitter.com/slionshekh/status/1724868979964121238,Lion ShekhReload,https://twitter.com/slionshekh,2023-11-15,"NOW: Pro-Palestine Protestors Shut Down Streets Next to UK Parliament in Westminster, LondonFree Palestine Al-Shifa Hospital #Gaza_Genocide#FreePalestineFromIsrael The Israeli #IsraelTerrorism Erdogan #Palestine #CeasefireNowInGaza #Gaza",,https://twitter.com/slionshekh/status/1724868979964121238,False,160,706,1.6K,383K
TopPost,#Palestine,https://twitter.com/search?q=#Palestine&src=typed_query&f=top,https://twitter.com/shaani092/status/1725287099132178771,Zeeshan Akram PTIReload,https://twitter.com/shaani092,2023-11-16,"Tears came to the doctor's eyes when the Palestinian children said, ""Give us some medicine that won't make us hungry.""#Palestine #israel #StopGenocide",,https://twitter.com/shaani092/status/1725287099132178771,False,1,27,10,1.5K
TopPost,#Palestine,https://twitter.com/search?q=#Palestine&src=typed_query&f=top,https://twitter.com/7signxx/status/1724904047067660615,Idris,https://twitter.com/7signxx,2023-11-15,Let the whole read this!!!#FreePalastine #CeasefireNOW #Palestine #SaveGaza #IsraelTerrorists,https://pbs.twimg.com/media/F_AXFXSXQAApuRa?format=jpg&name=900x900,https://twitter.com/7signxx/status/1724904047067660615,False,3,130,154,7.1K
TopPost,#Palestine,https://twitter.com/search?q=#Palestine&src=typed_query&f=top,https://twitter.com/SRKian_OM/status/1725231127596843192,OMReload,https://twitter.com/SRKian_OM,2023-11-16,"In the chilling aftermath of relentless bombardment by the occupation in Gaza, resilient children bear witness to terror and fear. Their innocent eyes carry the burden of a harsh reality no child should face.#Israel #ÿßŸÜŸÇÿ∞Ÿàÿß_ŸÖÿ≥ÿ™ÿ¥ŸÅŸä_ÿßŸÑÿ¥ŸÅÿßÿ° #Palestine #ÿßÿ®Ÿà_ÿπÿ®ŸäÿØÿ© #Hamas‚Ä¶",,https://twitter.com/SRKian_OM/status/1725231127596843192,False,11,50,80,12K
TopPost,#Palestine,https://twitter.com/search?q=#Palestine&src=typed_query&f=top,https://twitter.com/IKparody/status/1724885901829116005,Troll KhanReloadBeparwah,https://twitter.com/IKparody,2023-11-15,This kid is not baked in oven but baked by terrorist state bombing otherwise western media would have cried their lungs out#FreePalestineFromIsrael #Gaza #ÿßÿ®Ÿà_ÿπÿ®ŸäÿØÿ©#GazaGenocide #Palestine,,https://twitter.com/IKparody/status/1724885901829116005,False,,34,30,3.1K
TopPost,#Palestine,https://twitter.com/search?q=#Palestine&src=typed_query&f=top,https://twitter.com/doamuslims/status/1724983776550228458,DOAM,https://twitter.com/doamuslims,2023-11-16,"Algerian Imam Detained By Saudi Police For Doing Dua For Palestinians In Prophet‚Äôs MosqueAlgerian Imam, Abdul Hakim Al-Jazairi, says he was detained for 6 hours doing dua for Palestinians in #Gaza in the Prophet‚Äôs mosque in Medina. #Algeria #SaudiArabia #Palestine‚Ä¶",,https://twitter.com/doamuslims/status/1724983776550228458,False,37,514,668,28K
TopPost,#Palestine,https://twitter.com/search?q=#Palestine&src=typed_query&f=top,https://twitter.com/doamuslims/status/1724983776550228458,DOAMReload,https://twitter.com/doamuslims,2023-11-16,"Algerian Imam Detained By Saudi Police For Doing Dua For Palestinians In Prophet‚Äôs MosqueAlgerian Imam, Abdul Hakim Al-Jazairi, says he was detained for 6 hours doing dua for Palestinians in #Gaza in the Prophet‚Äôs mosque in Medina. #Algeria #SaudiArabia #Palestine‚Ä¶",,https://twitter.com/doamuslims/status/1724983776550228458,False,37,514,668,28K
TopPost,#Palestine,https://twitter.com/search?q=#Palestine&src=typed_query&f=top,https://twitter.com/worldpoliteco/status/1724839491075186801,World PoliticsReload,https://twitter.com/worldpoliteco,2023-11-15,Israel blew up Palestine ParliamentHow world will Justify itFollow me for updates#Palestine #Gaza #Israel #Palestine_Genocide #Palestine,,https://twitter.com/worldpoliteco/status/1724839491075186801,False,36,282,210,15K
TopPost,#Palestine,https://twitter.com/search?q=#Palestine&src=typed_query&f=top,https://twitter.com/RccShashank/status/1725245189273608601,Shashank SinghReload,https://twitter.com/RccShashank,2023-11-16,#ùêÅùêëùêÑùêÄùêäùêàùêçùêÜ : A Palestinian child‚Äôs smile from refugee camp in Gaza. The innocence & happiness. May God protect them.#Gaza #IsraelIsATerrorist #AlShifaHospital #Israel #Palestine #CeasefireNowInGaza #ÿßÿ®Ÿà_ÿπÿ®ŸäÿØÿ© #AlShifaHospital #Hamas,,https://twitter.com/RccShashank/status/1725245189273608601,False,1,20,49,3.5K
TopPost,#Palestine,https://twitter.com/search?q=#Palestine&src=typed_query&f=top,https://twitter.com/Bob_cart124/status/1725285846838907356,Robert Carter5Pillars,https://twitter.com/Bob_cart124,2023-11-16,"British Muslims now know the value of our ""political representation."" For Muslims, Palestine is a RED LINE issue. These guys DO NOT represent British Muslim values. They need to be challenged and boycotted with the aim of ruining their careers.#Palestine",https://pbs.twimg.com/media/F_DBPdwWcAAusMo?format=jpg&name=small,https://twitter.com/Bob_cart124/status/1725285846838907356,False,4,24,70,2.5K
TopPost,#Palestine,https://twitter.com/search?q=#Palestine&src=typed_query&f=top,https://twitter.com/ricwe123/status/1725191323311866184,RichardReload,https://twitter.com/ricwe123,2023-11-16,"When Western bullshit politicians talk about human rights, free speech and disinformation, just remind them about Julian Assange and how much they hate the truth........#Gaza #Israel #Palestine",,https://twitter.com/ricwe123/status/1725191323311866184,False,8,69,149,5.2K
TopPost,#Palestine,https://twitter.com/search?q=#Palestine&src=typed_query&f=top,https://twitter.com/VictorNakba/status/1724894411811934648,Nakba,https://twitter.com/VictorNakba,2023-11-15,#Syria  #Iran #Lebanon #Turkey #HamasisISIS #Palestine How is your #CeasefireNowInGaza going?,https://pbs.twimg.com/media/F_ANyfMWkAA09UA?format=jpg&name=small,https://twitter.com/VictorNakba/status/1724894411811934648,False,34,52,211,15K
TopPost,#Palestine,https://twitter.com/search?q=#Palestine&src=typed_query&f=top,https://twitter.com/phoolllu/status/1725225074192760847,Phoolllu OfficialReload,https://twitter.com/phoolllu,2023-11-16,"They left their homes, they have no food, no clothes, no home, Gaza is over. #IsraelTerrorism #Gaza #Palestine #ÿßÿ®Ÿà_ÿπÿ®ŸäÿØÿ© #AlShifaHospital #Gaza_Genocide",,https://twitter.com/phoolllu/status/1725225074192760847,False,5,43,62,5.1K
TopPost,#Palestine,https://twitter.com/search?q=#Palestine&src=typed_query&f=top,https://twitter.com/SheikhNabeel786/status/1725037729984270517,Sheikh NabeelReload,https://twitter.com/SheikhNabeel786,2023-11-16,Pakistan should immediately revoke Anila Ali's Pakistani citizenship.Anila Ali gave a shameful speech at a rally in support of Israel in Washington yesterday. #savegazacampaign #Palestine #Gaza #AlShifaHospital #Israel #IsraelTerrorism #ÿßÿ®Ÿà_ÿπÿ®ŸäÿØÿ©,,https://twitter.com/SheikhNabeel786/status/1725037729984270517,False,32,94,79,11K
TopPost,#Palestine,https://twitter.com/search?q=#Palestine&src=typed_query&f=top,https://twitter.com/KKhanabadosh/status/1725212756867998136,‚ìÄ‚í∑ìÇÜReload,https://twitter.com/KKhanabadosh,2023-11-16,A Palestinian girl spontaneously stands in front of the camera and imitates the work of journalists in Nasser Hospital#Gaza #Palestine #ÿßŸÜŸÇÿ∞Ÿàÿß_ŸÖÿ≥ÿ™ÿ¥ŸÅŸâ_ÿßŸÑÿ¥ŸÅÿßÿ° #StopGazaGenocide #IsraelIsATerrorist #FreePalestineFromIsrael #AlShifa_Hospital,,https://twitter.com/KKhanabadosh/status/1725212756867998136,False,,9,10,943
TopPost,#Palestine,https://twitter.com/search?q=#Palestine&src=typed_query&f=top,https://twitter.com/MickBarryTD/status/1724752319340843079,Mick Barry TDReload,https://twitter.com/MickBarryTD,2023-11-15,EXPEL THE ISRAELI AMBASSADOR!My speech in the D√°il today.#freepalestine #Palestine #expelisraeliambassador,,https://twitter.com/MickBarryTD/status/1724752319340843079,False,21,85,183,12K
TopPost,#Palestine,https://twitter.com/search?q=#Palestine&src=typed_query&f=top,https://twitter.com/TheMuslim786/status/1725170031619637347,The MuslimReload,https://twitter.com/TheMuslim786,2023-11-16,"Video of the attack on Al-Shifa hospital, the duration of the video is 7:18 minutes, Israel republished the video by removing this part ??? The same prisoner who was taken hostage by Hamas on October 7.#Gaza #Palestine #AlShifa_Hospital",,https://twitter.com/TheMuslim786/status/1725170031619637347,False,3,30,50,3.5K
TopPost,#Palestine,https://twitter.com/search?q=#Palestine&src=typed_query&f=top,https://twitter.com/haneefsaeed/status/1725135646807986564,Hanif Saeed Reload,https://twitter.com/haneefsaeed,2023-11-16,"Irish MP Richard Boyd Barrett: ""Israel is a terrorist state built on mass explosion and murder."" #AlShifaHospital Hamas HQ Malta #Newsnight Xi Jinping #CeasefireNowInGaza   #Gaza_War #GOPClownShowContinues #Gaza_Genocide #FreePalestineFromIsrael #IsraelTerrorism #Palestine #Gaza",,https://twitter.com/haneefsaeed/status/1725135646807986564,False,57,171,298,54K
TopPost,#Palestine,https://twitter.com/search?q=#Palestine&src=typed_query&f=top,https://twitter.com/seyfttn/status/1725256212055572787,Seyfettin ErezReload,https://twitter.com/seyfttn,2023-11-16,The situation at the Indonesian Hospital in the north of Gaza is catastrophic. Be the voice of these oppressed people and share this everywhere #KassamTugaylarƒ± #Netanyahu #IsraelIsATerrorist #Palestine #AlShifaHospital,,https://twitter.com/seyfttn/status/1725256212055572787,False,7,77,116,10K
TopPost,#Palestine,https://twitter.com/search?q=#Palestine&src=typed_query&f=top,https://twitter.com/rabbanitweets/status/1725245324208279711,Muhammad RabbaniTower Hamlets Palestine Solidarity NetworkReloadReload,https://twitter.com/rabbanitweets,2023-11-16,"Im a life time resident of Tower Hamlets. Community support for #Palestine here has been exemplary. As most MPs betrayed Gaza, young people lead the way. When leaders fail to halt atrocities, moral duty to advocate for justice can justify skipping school",,https://twitter.com/rabbanitweets/status/1725245324208279711,False,4,37,65,3.5K
TopPost,#Palestine,https://twitter.com/search?q=#Palestine&src=typed_query&f=top,https://twitter.com/Breaking24HNews/status/1725204983472120049,COUNTDOWN¬Æ,https://twitter.com/Breaking24HNews,2023-11-16,the truth #Gaza #Palestine #ŸÖÿ≥ÿ™ÿ¥ŸÅŸâ_ÿßŸÑÿ¥ŸÅÿßÿ° #ŸÅŸÑÿ≥ÿ∑ŸäŸÜ #IsraelTerrorism #IsraeliNewNazism #ÿßÿ®Ÿà_ÿπÿ®ŸäÿØÿ©,https://pbs.twimg.com/media/F_EoyfKXsAAaXpy?format=jpg&name=small,https://twitter.com/Breaking24HNews/status/1725204983472120049,False,4,59,82,8.5K
TopPost,#Palestine,https://twitter.com/search?q=#Palestine&src=typed_query&f=top,https://twitter.com/CarymaRules/status/1725169958936518932,Caryma Sa'd - Lawyer + Political SatiristReload,https://twitter.com/CarymaRules,2023-11-16,"#BREAKINGCanada‚Äôs Prime Minister, Minister of Foreign Affairs, Minister of National Revenue, and Minister of Justice have been served:‚ÄúNotice of Intention to Seek Prosecution for Aiding and Abetting War Crimes.‚Äù#cdnpoli #Toronto #Palestine #Israel #Gaza #CeasefireNOW",,https://twitter.com/CarymaRules/status/1725169958936518932,False,243,128,231,88K
TopPost,#Palestine,https://twitter.com/search?q=#Palestine&src=typed_query&f=top,https://twitter.com/hadiharhar/status/1725041818268844304,Hadi H.,https://twitter.com/hadiharhar,2023-11-16,There are currently 5 genocides happening concurrently in #Palestine #Congo #Sudan #Ethiopia #NagornoKarabakh the victims are all powerless against the rich and powerful.,https://pbs.twimg.com/media/F_CUY51a8AAyY19?format=jpg&name=small,https://twitter.com/hadiharhar/status/1725041818268844304,False,1,150,80,5.9K
TopPost,#Palestine,https://twitter.com/search?q=#Palestine&src=typed_query&f=top,https://twitter.com/Raghu626754/status/1724635367058640970,Raghunandan VishwakarmaReload,https://twitter.com/Raghu626754,2023-11-15,"Amazing , 120 full time river warriors cleaning 200 rivers daily in Indonesia#ÿ™ÿ±ŸÉŸä_ÿßŸÑÿ≠ŸÖÿØ #ÿßÿ®Ÿà_ÿπÿ®ŸäÿØÿ© #IsraelTerrorism #Rema02Live #earthquake #Israel #Palestine  #ÿßŸÜŸÇÿ∞Ÿàÿß_ŸÖÿ≥ÿ™ÿ¥ŸÅŸâ_ÿßŸÑÿ¥ŸÅÿßÿ° #DCFC #Palestine_Genocide",,https://twitter.com/Raghu626754/status/1724635367058640970,False,57,12,59,23K
TopPost,#Palestine,https://twitter.com/search?q=#Palestine&src=typed_query&f=top,https://twitter.com/dalaaalmoufti/status/1725170013798113500,ÿØŸÑÿπ ÿßŸÑŸÖŸÅÿ™ŸäReloadTarek Fawaz,https://twitter.com/dalaaalmoufti,2023-11-16,Look at her smile after she helped herself from under the rubble . Do you think you can defeat these people!?#palestine #Gaza_Geniocide,,https://twitter.com/dalaaalmoufti/status/1725170013798113500,False,3,29,33,4.6K
TopPost,#Palestine,https://twitter.com/search?q=#Palestine&src=typed_query&f=top,https://twitter.com/Shani_7800/status/1724861270812164159,Zeeshan Reload,https://twitter.com/Shani_7800,2023-11-15,"Wake up, think about it..#FreePalestineFromIsrael #Palestine #ÿßŸÜŸÇÿ∞Ÿàÿß_ŸÖÿ≥ÿ™ÿ¥ŸÅŸâ_ÿßŸÑÿ¥ŸÅÿßÿ° #ÿßÿ®Ÿà_ÿπÿ®ŸäÿØÿ© #IsraelTerorrist",,https://twitter.com/Shani_7800/status/1724861270812164159,False,6,46,75,7.2K
TopPost,#Palestine,https://twitter.com/search?q=#Palestine&src=typed_query&f=top,https://twitter.com/Shirinkhan0/status/1725231461274423499,Shirin Khan,https://twitter.com/Shirinkhan0,2023-11-16,Palestine will be free. #Palestine,https://pbs.twimg.com/media/F_FA1AZWoAAoJwt?format=jpg&name=small,https://twitter.com/Shirinkhan0/status/1725231461274423499,False,5,32,109,1.5K
TopPost,#Palestine,https://twitter.com/search?q=#Palestine&src=typed_query&f=top,https://twitter.com/RiaadMoosa/status/1725101425888248102,Dr Riaad Moosa - ComedianReload,https://twitter.com/RiaadMoosa,2023-11-16,This is too much for me‚Ä¶.What they‚Äôre doing to the babies‚Ä¶.It‚Äôs too much.#palestine #freepalestine #southafrica #rights #equality #savethechildern #gameoflife,,https://twitter.com/RiaadMoosa/status/1725101425888248102,False,19,135,297,16K
TopPost,#Palestine,https://twitter.com/search?q=#Palestine&src=typed_query&f=top,https://twitter.com/4noura/status/1725198989539017115,Noura ErakatAlexander HigginsReload,https://twitter.com/4noura,2023-11-16,"These aren‚Äôt just perverse lies but groundwork for war crimes and ongoing aiding and abetting genocide. Surely, @SamanthaJPower has some thoughts. #Hypocrisy #ColonialOrder #Gaza #Palestine #Genocide",,https://twitter.com/4noura/status/1725198989539017115,False,34,324,642,32K
TopPost,#Palestine,https://twitter.com/search?q=#Palestine&src=typed_query&f=top,https://twitter.com/imonitor2023/status/1725134492380086549,Islamophobia MonitorReload,https://twitter.com/imonitor2023,2023-11-16,.@ImamTomFacchine in his #khutba reminds people of how evil and corrupt people tend to abuse their power and become oppressors like Pharaoh.#palestine #gaza #Islamophobia #IslamophobiaMonitor,,https://twitter.com/imonitor2023/status/1725134492380086549,False,,2,5,74
TopPost,#Palestine,https://twitter.com/search?q=#Palestine&src=typed_query&f=top,https://twitter.com/CNoodles918/status/1725083595352510682,CReloadTorah Judaism,https://twitter.com/CNoodles918,2023-11-16,"#Nakba (Land grab): one reason why #Palestine is economically disadvantaged? Land rights under law ensure stability, spur economic growth, offer credit access, reduce conflicts, safeguard cultural heritage, aid in effective governance and planning #Gaza",,https://twitter.com/CNoodles918/status/1725083595352510682,False,2,8,16,529
TopPost,#Palestine,https://twitter.com/search?q=#Palestine&src=typed_query&f=top,https://twitter.com/Polytikles/status/1725117983994098109,‚úéùíú œÄundhatiReloadHabibi6ixtv,https://twitter.com/Polytikles,2023-11-16,WATCH: Archbishops In Jerusalem Call On All The Churches & People Around The World To Stand With #Palestine,,https://twitter.com/Polytikles/status/1725117983994098109,False,18,309,543,9K
TopPost,#Palestine,https://twitter.com/search?q=#Palestine&src=typed_query&f=top,https://twitter.com/affleckquine/status/1725299757566906763,Kate   KhalisseeReload,https://twitter.com/affleckquine,2023-11-16,"Israel has been bombing rescue workers & destroying their equipment, they're digging people out with their bare hands and many they can't get to. A 7 year old trying to dig herself out just breaks my heart Has there ever been a regime more evil than Israel? #Gaza #Palestine",,https://twitter.com/affleckquine/status/1725299757566906763,False,,18,13,245
TopPost,#Palestine,https://twitter.com/search?q=#Palestine&src=typed_query&f=top,https://twitter.com/Alicecdqai/status/1724915307536388143,SPEAKER OF PALESTINE Reload,https://twitter.com/Alicecdqai,2023-11-15,"These are those innocent children of Gaza, Israel is dropping bombs on such children.Al-Shifa Hospital #Gaza_Genocide#FreePalestineFromIsrael The Israeli #IsraelTerrorism Erdogan #Palestine #Palestine_Genocide #CeasefireNowInGaza",,https://twitter.com/Alicecdqai/status/1724915307536388143,False,20,66,116,12K
TopPost,#Palestine,https://twitter.com/search?q=#Palestine&src=typed_query&f=top,https://twitter.com/QudsNen/status/1725161610119897271,Quds News NetworkReload,https://twitter.com/QudsNen,2023-11-16,400 schoolchildren are marching along Cambridge Heath Road chanting 'Free #Palestine' and 'stop bombing #Gaza'. #UK,,https://twitter.com/QudsNen/status/1725161610119897271,False,24,754,1.5K,43K
TopPost,#Palestine,https://twitter.com/search?q=#Palestine&src=typed_query&f=top,https://twitter.com/mntimes_/status/1724931369929707583,MN TIMESReload,https://twitter.com/mntimes_,2023-11-15,"Erdogan: ‚ÄúISRAEL, your end is near!‚ÄùErdogan #AlShifaHospital Hamas HQ Malta #Newsnight Xi Jinping #CeasefireNowInGaza Birmingham  Jake Tapper #Gaza_War Blinken #GOPClownShowContinues Wray Louisiana #Gaza_Genocide #FreePalestineFromIsrael  #IsraelTerrorism #Palestine #Gaza",,https://twitter.com/mntimes_/status/1724931369929707583,False,22,83,133,27K
TopPost,#Palestine,https://twitter.com/search?q=#Palestine&src=typed_query&f=top,https://twitter.com/H74ello5/status/1725298669644030152,ÿßŸÜÿµÿßÿ± ÿßŸÑŸÑŸá ÿßŸÑÿ≠Ÿàÿ´ŸäReload,https://twitter.com/H74ello5,2023-11-16,"What a scandal, Biden. He described his guest, the Chinese president, as a dictator, and Blinken lashed out.#Qatar #AlShifaHospital #Palestine #Gaza #BabarAzam #IsraelIsATerrorist#podcastandchill#ProteaFire#ÿ£ŸÖÿ∑ÿßÿ±_ÿßŸÑÿ±Ÿäÿßÿ∂ #ÿßŸÜŸÇÿ∞Ÿàÿß_ŸÖÿ≥ÿ™ÿ¥ŸÅŸâ_ÿßŸÑÿ¥ŸÅÿßÿ° #ŸÜÿ∏ÿßŸÖ_ŸÜŸàÿ± #ÿßŸÑŸÖŸÜÿ™ÿÆÿ®_ÿßŸÑÿ≥ÿπŸàÿØŸä",,https://twitter.com/H74ello5/status/1725298669644030152,False,,4,6,1.1K
TopPost,#Palestine,https://twitter.com/search?q=#Palestine&src=typed_query&f=top,https://twitter.com/STWuk/status/1725146418669625471,Stop the War,https://twitter.com/STWuk,2023-11-16,"School Strike For #Palestine When: Fri 17 November, 11:00 amWhere: NationwideFull info: http://stopwar.org.uk/events/school-strike-for-palestine/‚Ä¶#CeasefireNow",https://pbs.twimg.com/media/F_DzhN6WAAAiXjl?format=jpg&name=small,https://twitter.com/STWuk/status/1725146418669625471,False,36,309,499,17K
TopPost,#Palestine,https://twitter.com/search?q=#Palestine&src=typed_query&f=top,https://twitter.com/negin_m1358/status/1725199787908050965,NeginReload,https://twitter.com/negin_m1358,2023-11-16,A supporter of #Palestine goes to the McDonald's branch and distributes free hamburgers so that no one buys from them#boycottisraelbrands #Gaza,,https://twitter.com/negin_m1358/status/1725199787908050965,False,,14,28,743
TopPost,#Palestine,https://twitter.com/search?q=#Palestine&src=typed_query&f=top,https://twitter.com/Nature_NeedsUs/status/1725139668847497460,NatureNeedsUsReload,https://twitter.com/Nature_NeedsUs,2023-11-16,#Israel or #Palestine? My answer is #PalestineWhat is yours?,,https://twitter.com/Nature_NeedsUs/status/1725139668847497460,False,5,5,22,1.4K
TopPost,#Palestine,https://twitter.com/search?q=#Palestine&src=typed_query&f=top,https://twitter.com/MaimunkaNews/status/1725211725366989308,Maimunka NewsReload,https://twitter.com/MaimunkaNews,2023-11-16,Pro-#Palestine Protesters Bring One-Side of San Francisco‚Äôs Bay Bridge to Grinding Halt.,,https://twitter.com/MaimunkaNews/status/1725211725366989308,False,3,4,13,1K
TopPost,#Palestine,https://twitter.com/search?q=#Palestine&src=typed_query&f=top,https://twitter.com/akillis21/status/1725109706966872328,ANDREW FORSBERG Reload,https://twitter.com/akillis21,2023-11-16,BREAKING Israel admits there are no tunnels being used under Al Shifa hospital. They are all concreted up. i.e THERE WAS NO HAMAS COMMAND CENTRE under #AlShifaHospital. $RATIO #FreePalestineFromIsrael #ÿßŸÜŸÇÿ∞Ÿàÿß_ŸÖÿ≥ÿ™ÿ¥ŸÅŸâ_ÿßŸÑÿ¥ŸÅÿßÿ° #ÿßÿ®Ÿà_ÿπÿ®ŸäÿØÿ© #AlShifaHospital #Palestine #Gaza #Israel‚Ä¶,,https://twitter.com/akillis21/status/1725109706966872328,False,4,39,52,8.4K
TopPost,#Palestine,https://twitter.com/search?q=#Palestine&src=typed_query&f=top,https://twitter.com/MoiNazimGraphcs/status/1725201364299760090,Moin Nazim,https://twitter.com/MoiNazimGraphcs,2023-11-16,"If wars were won on the basis of bravery and courage, we all know these kids would already be victorious!#Palestine #Gaza",https://pbs.twimg.com/media/F_ElachbQAA8VvP?format=jpg&name=small,https://twitter.com/MoiNazimGraphcs/status/1725201364299760090,False,1,35,93,1.6K
TopPost,#Palestine,https://twitter.com/search?q=#Palestine&src=typed_query&f=top,https://twitter.com/LovelyLeninist/status/1725205557462565222,The Leninist Lawyer‚ò≠prof. isa,https://twitter.com/LovelyLeninist,2023-11-16,A vitally important image. Share it. #Palestine,https://pbs.twimg.com/media/F-rtVWBa4AAI_y7?format=jpg&name=large,https://twitter.com/LovelyLeninist/status/1725205557462565222,False,3,21,53,971
TopPost,#Palestine,https://twitter.com/search?q=#Palestine&src=typed_query&f=top,https://twitter.com/Alimizan5/status/1725236079861563730,AlimizanReload,https://twitter.com/Alimizan5,2023-11-16,Images targeting a number of #Zionist bases on the border of occupied #Palestine .   #Hezbollah,,https://twitter.com/Alimizan5/status/1725236079861563730,False,,2,2,167
TopPost,#Palestine,https://twitter.com/search?q=#Palestine&src=typed_query&f=top,https://twitter.com/iam_ShahZ/status/1724765414364680651,Shahzaib Reload,https://twitter.com/iam_ShahZ,2023-11-15,I swear we will not forget!!  May God curse us if we forget! #IsraelTerrorism #ÿßÿ®Ÿà_ÿπÿ®ŸäÿØÿ© #AlShifaHospital #ÿßŸÜŸÇÿ∞Ÿàÿß_ŸÖÿ≥ÿ™ÿ¥ŸÅŸâ_ÿßŸÑÿ¥ŸÅÿßÿ° #FreePalestineFromIsrael #Palestine,,https://twitter.com/iam_ShahZ/status/1724765414364680651,False,44,372,490,50K
TopPost,#Palestine,https://twitter.com/search?q=#Palestine&src=typed_query&f=top,https://twitter.com/DasRgen4/status/1724643935560098249,IgorReloadMrgunsngear,https://twitter.com/DasRgen4,2023-11-15,"It said that any time evil begins to thrive in the world, Shaheeds, the upholders of justice, will appear.#Iran special forces are about to engage in both #Ukraine and #Palestine to support #Russia and #Lebanon in the Holy War",,https://twitter.com/DasRgen4/status/1724643935560098249,False,96,30,114,19K
TopPost,#Palestine,https://twitter.com/search?q=#Palestine&src=typed_query&f=top,https://twitter.com/MarinaMoha87576/status/1725120423308710290,Marina MohammadReload,https://twitter.com/MarinaMoha87576,2023-11-16,"A widely spread trend of #Americans re-reading Osama bin Laden‚Äôs letter , in which he attributes the targeting of their country to America‚Äôs support for occupation and control against #PALESTINE! #lettertoamerica #ÿ£ÿ≥ÿßŸÖÿ©_ÿ®ŸÜ_ŸÑÿßÿØŸÜ #OsamaBinLaden #IsraelIsATerrorist #Gaza",,https://twitter.com/MarinaMoha87576/status/1725120423308710290,False,85,178,455,116K
TopPost,#Palestine,https://twitter.com/search?q=#Palestine&src=typed_query&f=top,https://twitter.com/islamic_turkey/status/1725174256856633753,Islamic Invitation TurkeyReload,https://twitter.com/islamic_turkey,2023-11-16,Martyrs of Aqsa from Hezbollah#palestine #gaza #hezbollah #lebanon #nasrallah #funeral #martyr #aqsa #israel,,https://twitter.com/islamic_turkey/status/1725174256856633753,False,2,11,17,1.5K
TopPost,#Palestine,https://twitter.com/search?q=#Palestine&src=typed_query&f=top,https://twitter.com/worldpoliteco/status/1725207535253328031,World PoliticsReload,https://twitter.com/worldpoliteco,2023-11-16,Israel arrested a women who is unable to walkSuch a shame#Israel #Gaza #ÿßŸÜŸÇÿ∞Ÿàÿß_ŸÖÿ≥ÿ™ÿ¥ŸÅŸâ_ÿßŸÑÿ¥ŸÅÿßÿ° #Gaza #Palestine,,https://twitter.com/worldpoliteco/status/1725207535253328031,False,4,44,32,1.7K
TopPost,#Palestine,https://twitter.com/search?q=#Palestine&src=typed_query&f=top,https://twitter.com/armeniathegreat/status/1725206605057442184,Armenia The GreatReload,https://twitter.com/armeniathegreat,2023-11-16,As entire world now busy with #Israel and #Palestine again #Armenian issue and genocide gets pushed back or even not mentioned in mainstream media !Justice lovers out there that ripping your behinds for Palestine where you at ? Its called justice for all not just one group !,,https://twitter.com/armeniathegreat/status/1725206605057442184,False,,8,9,384
TopPost,#Palestine,https://twitter.com/search?q=#Palestine&src=typed_query&f=top,https://twitter.com/worldpoliteco/status/1725063084362891515,World PoliticsReload,https://twitter.com/worldpoliteco,2023-11-16,A story told in tearsThat's every individual story living in Gaza and Westbank#Gaza #Palestine #IsraelTerrorism #AlShifaHospital #ÿßÿ®Ÿà_ÿπÿ®ŸäÿØÿ© #Israel #ÿßŸÜŸÇÿ∞Ÿàÿß_ŸÖÿ≥ÿ™ÿ¥ŸÅŸâ_ÿßŸÑÿ¥ŸÅÿßÿ°,,https://twitter.com/worldpoliteco/status/1725063084362891515,False,9,95,103,9.6K
TopPost,#Palestine,https://twitter.com/search?q=#Palestine&src=typed_query&f=top,https://twitter.com/RimzFatima/status/1724804747146993780, Rimsha Fatima #FreePalestineReload,https://twitter.com/RimzFatima,2023-11-15,"Maya, a 6 year old Palestinian girl, has to carry water for her family to survive. She prays for a ceasefire.#Palestine_Genocide #Palestine #IndiaVsNewZealand #ViratKohliìÉµ",,https://twitter.com/RimzFatima/status/1724804747146993780,False,7,40,86,3.1K
